{"vertices": [[-0.2857142857142857, -0.2857142857142857, -0.2857142857142857], [-0.6666666666666666, -0.6666666666666666, -0.6666666666666666], [-0.2857142857142857, -0.2857142857142857, 0.2857142857142857], [-0.6666666666666666, -0.6666666666666666, 0.6666666666666666], [-0.2857142857142857, 0.2857142857142857, -0.2857142857142857], [-0.6666666666666666, 0.6666666666666666, -0.6666666666666666], [-0.2857142857142857, 0.2857142857142857, 0.2857142857142857], [-0.6666666666666666, 0.6666666666666666, 0.6666666666666666], [0.2857142857142857, -0.2857142857142857, -0.2857142857142857], [0.6666666666666666, -0.6666666666666666, -0.6666666666666666], [0.2857142857142857, -0.2857142857142857, 0.2857142857142857], [0.6666666666666666, -0.6666666666666666, 0.6666666666666666], [0.2857142857142857, 0.2857142857142857, -0.2857142857142857], [0.6666666666666666, 0.6666666666666666, -0.6666666666666666], [0.2857142857142857, 0.2857142857142857, 0.2857142857142857], [0.6666666666666666, 0.6666666666666666, 0.6666666666666666]], "faces": [[13, 5, 1], [13, 9, 1], [11, 9, 1], [11, 3, 1], [11, 13, 9], [11, 13, 15], [7, 5, 1], [7, 3, 1], [7, 13, 5], [7, 13, 15], [7, 11, 3], [7, 11, 15]]}